[{"id":"user-image-ImagendeWhatsApp2024-09-24alas19.42.52_d32fe80a.jpg","publicUrl":"np://user.desktop.nicepage.com/Site_639809912/images/ImagendeWhatsApp2024-09-24alas19.42.52_d32fe80a.jpg","size":1003911,"hash":"16phGvzHrPrISghElWmiObVT3Qc=","fileName":"ImagendeWhatsApp2024-09-24alas19.42.52_d32fe80a.jpg","name":"ImagendeWhatsApp2024-09-24alas19.42.52_d32fe80a","width":2878,"height":3830,"thumbnail":{"url":"np://user.desktop.nicepage.com/Site_639809912/images/thumbnails/ImagendeWhatsApp2024-09-24alas19.42.52_d32fe80a.jpg","width":188,"height":250},"folderId":null,"usages":["1262406711"]},{"id":"user-image-IMG-20240918-WA0085.jpg","publicUrl":"np://user.desktop.nicepage.com/Site_639809912/images/IMG-20240918-WA0085.jpg","size":286428,"hash":"QVmw9nJtpikuW85loI+3t+PwlC8=","fileName":"IMG-20240918-WA0085.jpg","name":"IMG-20240918-WA0085","width":1125,"height":1500,"thumbnail":{"url":"np://user.desktop.nicepage.com/Site_639809912/images/thumbnails/IMG-20240918-WA0085.jpg","width":188,"height":250},"folderId":null,"usages":["1262406711"]},{"id":"user-image-IMG-20240918-WA0086.jpg","publicUrl":"np://user.desktop.nicepage.com/Site_639809912/images/IMG-20240918-WA0086.jpg","size":220239,"hash":"IHyrZgIukTUP3KG2p0Zxdpv9ia4=","fileName":"IMG-20240918-WA0086.jpg","name":"IMG-20240918-WA0086","width":1125,"height":1500,"thumbnail":{"url":"np://user.desktop.nicepage.com/Site_639809912/images/thumbnails/IMG-20240918-WA0086.jpg","width":188,"height":250},"folderId":null,"usages":["1262406711"]},{"id":"user-image-IMG-20240918-WA0062.jpg","publicUrl":"np://user.desktop.nicepage.com/Site_639809912/images/IMG-20240918-WA0062.jpg","size":73538,"hash":"dOlGiun9eJkeWx5kID9koSWK81I=","fileName":"IMG-20240918-WA0062.jpg","name":"IMG-20240918-WA0062","width":720,"height":544,"thumbnail":{"url":"np://user.desktop.nicepage.com/Site_639809912/images/thumbnails/IMG-20240918-WA0062.jpg","width":250,"height":189},"folderId":null,"usages":["1262406711"]},{"id":"user-image-IMG-20240918-WA0067.jpg","publicUrl":"np://user.desktop.nicepage.com/Site_639809912/images/IMG-20240918-WA0067.jpg","size":345450,"hash":"rGPwX4n4nvPnLDsPWtTaL0wOwNI=","fileName":"IMG-20240918-WA0067.jpg","name":"IMG-20240918-WA0067","width":1600,"height":1066,"thumbnail":{"url":"np://user.desktop.nicepage.com/Site_639809912/images/thumbnails/IMG-20240918-WA0067.jpg","width":250,"height":167},"folderId":null,"usages":["1262406711"]},{"id":"user-image-IMG-20240918-WA0046.jpg","publicUrl":"np://user.desktop.nicepage.com/Site_639809912/images/IMG-20240918-WA0046.jpg","size":82987,"hash":"y5eSmQWAUotC+iZuw75+/j/ylno=","fileName":"IMG-20240918-WA0046.jpg","name":"IMG-20240918-WA0046","width":698,"height":495,"thumbnail":{"url":"np://user.desktop.nicepage.com/Site_639809912/images/thumbnails/IMG-20240918-WA0046.jpg","width":250,"height":177},"folderId":null,"usages":["1262406711"]},{"id":"user-image-WhatsAppImage2024-09-18at1.42.45PM.jpeg","publicUrl":"np://user.desktop.nicepage.com/Site_639809912/images/WhatsAppImage2024-09-18at1.42.45PM.jpeg","size":133711,"hash":"bDZd029XlcTyhkbE3KmMAv45lt0=","fileName":"WhatsAppImage2024-09-18at1.42.45PM.jpeg","name":"WhatsAppImage2024-09-18at1.42.45PM","width":695,"height":728,"thumbnail":{"url":"np://user.desktop.nicepage.com/Site_639809912/images/thumbnails/WhatsAppImage2024-09-18at1.42.45PM.jpeg","width":239,"height":250},"folderId":null,"usages":["225930238"]},{"id":"user-image-WhatsAppImage2024-09-18at1.43.04PM.jpeg","publicUrl":"np://user.desktop.nicepage.com/Site_639809912/images/WhatsAppImage2024-09-18at1.43.04PM.jpeg","size":84078,"hash":"OTCx6my7tIPQ3Aa89Any5VM5krg=","fileName":"WhatsAppImage2024-09-18at1.43.04PM.jpeg","name":"WhatsAppImage2024-09-18at1.43.04PM","width":698,"height":704,"thumbnail":{"url":"np://user.desktop.nicepage.com/Site_639809912/images/thumbnails/WhatsAppImage2024-09-18at1.43.04PM.jpeg","width":248,"height":250},"folderId":null,"usages":["225930238"]},{"id":"user-image-WhatsAppImage2024-09-18at1.43.01PM.jpeg","publicUrl":"np://user.desktop.nicepage.com/Site_639809912/images/WhatsAppImage2024-09-18at1.43.01PM.jpeg","size":60770,"hash":"hUbRu+wBsrf7Ho/sFlZGaXbSfAU=","fileName":"WhatsAppImage2024-09-18at1.43.01PM.jpeg","name":"WhatsAppImage2024-09-18at1.43.01PM","width":698,"height":521,"thumbnail":{"url":"np://user.desktop.nicepage.com/Site_639809912/images/thumbnails/WhatsAppImage2024-09-18at1.43.01PM.jpeg","width":250,"height":187},"folderId":null,"usages":["225930238"]},{"id":"user-image-1535012.png","publicUrl":"np://user.desktop.nicepage.com/Site_639809912/images/1535012.png","size":3206,"hash":"6HlPwT3mPsUUjGd8rOo1Kazusl0=","fileName":"1535012.png","name":"1535012","width":128,"height":128,"thumbnail":{"url":"np://user.desktop.nicepage.com/Site_639809912/images/thumbnails/1535012.png","width":128,"height":128,"length":3206,"type":"png"},"folderId":null,"usages":["2555326222"]},{"id":"user-image-5427212.png","publicUrl":"np://user.desktop.nicepage.com/Site_639809912/images/5427212.png","size":12560,"hash":"fx0vhUF4aGX5fqz5wljckidVOd8=","fileName":"5427212.png","name":"5427212","width":128,"height":128,"thumbnail":{"url":"np://user.desktop.nicepage.com/Site_639809912/images/thumbnails/5427212.png","width":128,"height":128,"length":12560,"type":"png"},"folderId":null,"usages":["2555326222"]},{"id":"user-image-3233497.png","publicUrl":"np://user.desktop.nicepage.com/Site_639809912/images/3233497.png","size":11286,"hash":"Ekh3E7vlPtft+uVEqXF1iB2eDrg=","fileName":"3233497.png","name":"3233497","width":128,"height":128,"thumbnail":{"url":"np://user.desktop.nicepage.com/Site_639809912/images/thumbnails/3233497.png","width":128,"height":128,"length":11286,"type":"png"},"folderId":null,"usages":["2555326222"]},{"id":"user-image-2553153.png","publicUrl":"np://user.desktop.nicepage.com/Site_639809912/images/2553153.png","size":8696,"hash":"AzF1c3JtEpMwzlnjQb3Ykd6i8F8=","fileName":"2553153.png","name":"2553153","width":128,"height":128,"thumbnail":{"url":"np://user.desktop.nicepage.com/Site_639809912/images/thumbnails/2553153.png","width":128,"height":128,"length":8696,"type":"png"},"folderId":null,"usages":["2555326222"]},{"id":"user-image-IMG-20240920-WA0011.jpg","publicUrl":"np://user.desktop.nicepage.com/Site_639809912/images/IMG-20240920-WA0011.jpg","size":372255,"hash":"QMA9aS+FngOMngpomyWeEpBhlco=","fileName":"IMG-20240920-WA0011.jpg","name":"IMG-20240920-WA0011","width":1600,"height":1200,"thumbnail":{"url":"np://user.desktop.nicepage.com/Site_639809912/images/thumbnails/IMG-20240920-WA0011.jpg","width":250,"height":188},"folderId":null,"usages":["819717420"]},{"id":"user-image-IMG-20240920-WA0013.jpg","publicUrl":"np://user.desktop.nicepage.com/Site_639809912/images/IMG-20240920-WA0013.jpg","size":318763,"hash":"Y0/rjSBhiO1yhntLAvcXB4HsRJc=","fileName":"IMG-20240920-WA0013.jpg","name":"IMG-20240920-WA0013","width":1600,"height":1200,"thumbnail":{"url":"np://user.desktop.nicepage.com/Site_639809912/images/thumbnails/IMG-20240920-WA0013.jpg","width":250,"height":188},"folderId":null,"usages":["819717420"]},{"id":"user-image-IMG-20240920-WA0009.jpg","publicUrl":"np://user.desktop.nicepage.com/Site_639809912/images/IMG-20240920-WA0009.jpg","size":226874,"hash":"Vtrku8zWFJppkhEjSj4tTVOPf48=","fileName":"IMG-20240920-WA0009.jpg","name":"IMG-20240920-WA0009","width":1600,"height":1200,"thumbnail":{"url":"np://user.desktop.nicepage.com/Site_639809912/images/thumbnails/IMG-20240920-WA0009.jpg","width":250,"height":188},"folderId":null,"usages":["819717420"]},{"id":"user-image-IMG-20240920-WA0008.jpg","publicUrl":"np://user.desktop.nicepage.com/Site_639809912/images/IMG-20240920-WA0008.jpg","size":309079,"hash":"7MS+e3PybxFn1K0YRN8JNxGBU/g=","fileName":"IMG-20240920-WA0008.jpg","name":"IMG-20240920-WA0008","width":1600,"height":1200,"thumbnail":{"url":"np://user.desktop.nicepage.com/Site_639809912/images/thumbnails/IMG-20240920-WA0008.jpg","width":250,"height":188},"folderId":null,"usages":["819717420"]},{"id":"user-image-IMG-20240920-WA0012.jpg","publicUrl":"np://user.desktop.nicepage.com/Site_639809912/images/IMG-20240920-WA0012.jpg","size":345689,"hash":"ErIoacOwIoPSpD0bzys4ZHYd4fk=","fileName":"IMG-20240920-WA0012.jpg","name":"IMG-20240920-WA0012","width":1600,"height":1200,"thumbnail":{"url":"np://user.desktop.nicepage.com/Site_639809912/images/thumbnails/IMG-20240920-WA0012.jpg","width":250,"height":188},"folderId":null,"usages":["819717420"]},{"id":"user-image-IMG-20240920-WA0010.jpg","publicUrl":"np://user.desktop.nicepage.com/Site_639809912/images/IMG-20240920-WA0010.jpg","size":321225,"hash":"0SV1pFowWy7jzsiVQ8C5hWoQne4=","fileName":"IMG-20240920-WA0010.jpg","name":"IMG-20240920-WA0010","width":1600,"height":1200,"thumbnail":{"url":"np://user.desktop.nicepage.com/Site_639809912/images/thumbnails/IMG-20240920-WA0010.jpg","width":250,"height":188},"folderId":null,"usages":["819717420"]},{"id":"user-image-IMG-20240918-WA0061.jpg","publicUrl":"np://user.desktop.nicepage.com/Site_639809912/images/IMG-20240918-WA0061.jpg","size":72653,"hash":"QWAnybYcT1LT/6Ida4tr5hNYIq0=","fileName":"IMG-20240918-WA0061.jpg","name":"IMG-20240918-WA0061","width":698,"height":554,"thumbnail":{"url":"np://user.desktop.nicepage.com/Site_639809912/images/thumbnails/IMG-20240918-WA0061.jpg","width":250,"height":198},"folderId":null,"usages":["819717420"]},{"id":"user-image-IMG-20240918-WA0050.jpg","publicUrl":"np://user.desktop.nicepage.com/Site_639809912/images/IMG-20240918-WA0050.jpg","size":103468,"hash":"ii5meccfcVXKiPizzSKlB5OfuWY=","fileName":"IMG-20240918-WA0050.jpg","name":"IMG-20240918-WA0050","width":697,"height":515,"thumbnail":{"url":"np://user.desktop.nicepage.com/Site_639809912/images/thumbnails/IMG-20240918-WA0050.jpg","width":250,"height":185},"folderId":null,"usages":["819717420"]},{"id":"user-image-IMG-20240918-WA0052.jpg","publicUrl":"np://user.desktop.nicepage.com/Site_639809912/images/IMG-20240918-WA0052.jpg","size":176532,"hash":"swnDp68M0yGtFzLY4BsGElQ4qvM=","fileName":"IMG-20240918-WA0052.jpg","name":"IMG-20240918-WA0052","width":697,"height":912,"thumbnail":{"url":"np://user.desktop.nicepage.com/Site_639809912/images/thumbnails/IMG-20240918-WA0052.jpg","width":191,"height":250},"folderId":null,"usages":["819717420"]},{"id":"user-image-IMG-20240918-WA0034.jpg","publicUrl":"np://user.desktop.nicepage.com/Site_639809912/images/IMG-20240918-WA0034.jpg","size":112076,"hash":"OBhCHRmz+DsPBXPhIenbGgZpHDU=","fileName":"IMG-20240918-WA0034.jpg","name":"IMG-20240918-WA0034","width":720,"height":1280,"thumbnail":{"url":"np://user.desktop.nicepage.com/Site_639809912/images/thumbnails/IMG-20240918-WA0034.jpg","width":141,"height":250},"folderId":null,"usages":["819717420"]},{"id":"user-image-IMG-20240918-WA0042.jpg","publicUrl":"np://user.desktop.nicepage.com/Site_639809912/images/IMG-20240918-WA0042.jpg","size":101581,"hash":"fvlLOkMR2XOKg7nNJ7f14wl3SPg=","fileName":"IMG-20240918-WA0042.jpg","name":"IMG-20240918-WA0042","width":698,"height":519,"thumbnail":{"url":"np://user.desktop.nicepage.com/Site_639809912/images/thumbnails/IMG-20240918-WA0042.jpg","width":250,"height":186},"folderId":null,"usages":["819717420"]},{"id":"user-image-Text-icon.png","publicUrl":"np://user.desktop.nicepage.com/Site_639809912/images/Text-icon.png","size":8440,"hash":"urqgjCjPhCYY0krr1WQ9jAijvWo=","fileName":"Text-icon.png","name":"Text-icon","width":920,"height":920,"thumbnail":{"url":"np://user.desktop.nicepage.com/Site_639809912/images/thumbnails/Text-icon.png","width":250,"height":250},"folderId":null,"usages":["82854865"]},{"id":"user-image-phone-icon.png","publicUrl":"np://user.desktop.nicepage.com/Site_639809912/images/phone-icon.png","size":10540,"hash":"/rYm4SlqwYadkpd10NYcHsCdc18=","fileName":"phone-icon.png","name":"phone-icon","width":256,"height":256,"thumbnail":{"url":"np://user.desktop.nicepage.com/Site_639809912/images/thumbnails/phone-icon.png","width":250,"height":250},"folderId":null,"usages":["82854865"]},{"id":"user-image-HCP_BLUE.png","publicUrl":"np://user.desktop.nicepage.com/Site_639809912/images/HCP_BLUE.png","size":81629,"hash":"CpY4lHKhhJosJ3TdahYVC6vdEYE=","fileName":"HCP_BLUE.png","name":"HCP_BLUE","width":1088,"height":690,"thumbnail":{"url":"np://user.desktop.nicepage.com/Site_639809912/images/thumbnails/HCP_BLUE.png","width":250,"height":159},"folderId":null,"usages":["82854865"]},{"id":"user-image-WhatsAppImage2024-09-20at10.57.01AM.jpeg","publicUrl":"np://user.desktop.nicepage.com/Site_639809912/images/WhatsAppImage2024-09-20at10.57.01AM.jpeg","size":69304,"hash":"VS+fahZU68mTvP8/sc+p5YcUgn0=","fileName":"WhatsAppImage2024-09-20at10.57.01AM.jpeg","name":"WhatsAppImage2024-09-20at10.57.01AM","width":1280,"height":500,"thumbnail":{"url":"np://user.desktop.nicepage.com/Site_639809912/images/thumbnails/WhatsAppImage2024-09-20at10.57.01AM.jpeg","width":250,"height":98},"folderId":null,"usages":["82854865"]},{"id":"user-image-Logocepudo.png","publicUrl":"np://user.desktop.nicepage.com/Site_639809912/images/Logocepudo.png","size":153673,"hash":"hmSEgOW0pdSMezqPQfv5QSStE34=","fileName":"Logocepudo.png","name":"Logocepudo","width":1068,"height":537,"thumbnail":{"url":"np://user.desktop.nicepage.com/Site_639809912/images/thumbnails/Logocepudo.png","width":250,"height":126},"folderId":null,"usages":["82854865"]},{"id":"user-image-Logo1.png","publicUrl":"np://user.desktop.nicepage.com/Site_639809912/images/Logo1.png","size":313770,"hash":"0rZ1zIFPXq7QFf10mPulMqfBseQ=","fileName":"Logo1.png","name":"Logo1","width":502,"height":497,"thumbnail":{"url":"np://user.desktop.nicepage.com/Site_639809912/images/thumbnails/Logo1.png","width":250,"height":248},"folderId":null,"usages":["82854865"]},{"id":"user-image-TlyslPaQSp2BGDnFT0QH4w.webp","publicUrl":"np://user.desktop.nicepage.com/Site_639809912/images/TlyslPaQSp2BGDnFT0QH4w.webp","size":574086,"hash":"QMx+DfOa7/ZtvIxfuaPAyLnbcpU=","fileName":"TlyslPaQSp2BGDnFT0QH4w.webp","name":"TlyslPaQSp2BGDnFT0QH4w","width":1312,"height":736,"thumbnail":{"url":"np://user.desktop.nicepage.com/Site_639809912/images/thumbnails/TlyslPaQSp2BGDnFT0QH4w.webp","width":250,"height":140},"folderId":null,"usages":["82854865"]},{"id":"user-image-nn.jpg","publicUrl":"np://user.desktop.nicepage.com/Site_639809912/images/nn.jpg","size":31003,"hash":"G1+NsN/7+YYYJGme4a46IBRz3UY=","fileName":"nn.jpg","name":"nn","width":1980,"height":1320,"thumbnail":{"url":"np://user.desktop.nicepage.com/Site_639809912/images/thumbnails/nn.jpg","width":250,"height":167},"folderId":null,"originalUrl":"//images01.nicepagecdn.com/c461c07a441a5d220e8feb1a/74cba0b889ac55bdb591694b/nn.jpg","usages":["82854865","2555326222","225930238"]}]